product_id,producer_id
362561,194
370950,266
371434,223
408199,324
408201,324
417308,223
423959,324
424079,497
430305,497
431255,497
431824,356
452214,356
453676,497
453691,497
459336,1617
515968,324
530798,497
532216,497
532217,497
535021,497
539250,598
540196,497
540440,497
543500,442
550635,497
556718,642
556720,642
556731,642
556742,642
558605,1617
560857,497
561666,223
561667,223
563698,497
565536,324
565704,642
567434,667
567435,667
567436,667
567437,667
567438,667
567439,667
567440,667
567441,667
567442,667
567443,667
567503,667
570632,324
570845,356
570856,356
570859,356
573201,1617
605671,620
610339,324
612350,667
620268,247
622689,324
623596,147
644264,328
644569,497
645473,247
648758,437
661419,667
661420,667
661421,667
661423,667
661424,667
661426,667
661427,667
661428,667
661429,667
661430,667
661436,667
661437,667
661438,667
661439,667
661440,667
661441,667
661442,667
661443,667
661444,667
661445,667
661446,667
661448,667
661450,667
661452,667
661456,667
661457,224
661461,667
661463,667
661464,667
661465,667
661466,667
661467,667
661468,667
661470,667
661471,667
661472,667
661473,667
661474,667
661475,667
661476,667
661477,667
661478,667
661479,667
661480,667
661481,667
661482,667
661483,667
661488,667
661491,667
661492,667
661493,667
661494,667
661495,667
661496,667
661497,667
661499,667
661500,667
661501,667
661502,667
661503,667
661506,667
661507,667
661508,667
661510,667
661512,667
661513,667
661515,667
661516,667
661518,667
661519,667
661522,667
661525,667
661526,667
661531,667
661533,667
677903,497
698871,667
704555,356
704556,356
708826,147
708827,147
715969,401
715981,401
716993,667
716994,667
726491,667
726493,667
799149,271
804068,594
807891,356
811722,667
820547,271
820548,271
823906,271
823909,271
872456,1273
872622,1273
872623,1273
872624,1273
879608,1276
879610,1276
879615,1276
879621,1276
879625,1276
879629,1276
879631,1276
879633,1276
879634,1276
879635,1276
879638,1276
879640,1276
879641,1276
879645,1276
879649,1276
879708,401
880260,497
880276,497
880277,497
880314,497
880353,271
880354,271
880357,271
880358,271
920131,194
920135,194
920165,452
921156,667
921157,667
921158,667
921159,667
921160,667
921161,667
923082,223
923084,223
933180,206
955101,497
955102,497
1023507,537
1087259,247
1182617,266
1186299,661
1186725,328
1194047,328
1196806,244
1196807,244
1196808,244
1196809,244
1196811,244
1196812,244
1197886,667
1197887,667
1197888,667
1197889,667
1197890,667
1197891,667
1197973,667
1197975,667
1197979,667
1197980,667
1197981,667
1197982,667
1197983,667
1197985,667
1197986,667
1197988,667
1197989,667
1197990,667
1197991,667
1197994,667
1198002,667
1202702,584
1233025,667
1233026,667
1233027,667
1242054,537
1242055,537
1242056,537
1242057,537
1256570,328
1262026,497
1262027,497
1286324,405
1300726,356
1315271,168
1315327,168
1363735,667
1363736,667
1363740,667
1363741,667
1363742,667
1363743,667
1363745,667
1393178,1411
1394191,584
1394192,584
1394195,370
1394201,370
1394753,194
1394915,335
1398931,667
1399375,405
1399577,547
1399596,667
1399597,667
1401236,1266
1401237,1266
1401238,1266
1401239,1266
1401246,1266
1401248,1266
1401249,1266
1401251,1266
1404777,1420
1404780,1420
1404783,1420
1404784,1420
1404785,1420
1404786,1420
1404787,1420
1404789,1420
1404794,1420
1404795,1420
1404798,1420
1404800,1420
1404801,1420
1404802,1420
1404803,1420
1417172,667
1417173,667
1417174,667
1417175,667
1417176,667
1417177,667
1417178,667
1417179,667
1417180,667
1417182,667
1417183,667
1417185,667
1417186,667
1417187,667
1417188,667
1417189,667
1417213,667
1417521,1617
1419852,292
1419864,292
1422497,324
1422509,324
1422553,584
1429362,921
1429368,921
1429925,1273
1429926,1273
1429927,1273
1429929,1273
1429933,1273
1429935,1273
1429936,1273
1433975,1315
1434022,547
1438900,482
1439675,497
1439678,497
1445100,405
1445135,437
1445136,437
1445141,437
1446306,537
1449600,667
1449601,667
1449602,667
1449603,667
1449604,667
1449605,667
1449606,667
1449607,667
1449609,667
1452071,507
1452072,507
1452073,507
1452074,507
1452075,507
1452076,507
1452079,507
1452443,335
1452445,335
1453526,497
1453531,497
1453971,324
1454284,482
1454288,482
1457280,1617
1458366,482
1458367,482
1461478,497
1462595,482
1463570,921
1469379,594
1469380,594
1469917,667
1469918,667
1470257,162
1470258,162
1470260,162
1470349,401
1472465,537
1473020,921
1475486,667
1480925,224
1483032,437
1483147,405
1483148,405
1483149,405
1483150,405
1483152,405
1483153,405
1483155,405
1483156,405
1483157,405
1483159,405
1483160,405
1483162,405
1484225,603
1487174,356
1487187,356
1487362,292
1487538,1500
1487541,1500
1487551,1500
1488970,482
1488976,482
1490145,595
1490241,244
1490243,244
1490244,244
1490245,244
1494734,292
1494810,1507
1494833,1507
1494834,1507
1494835,1507
1494836,1507
1494853,1507
1495302,1420
1495596,1507
1495974,1507
1496027,1507
1496109,441
1498008,921
1498156,223
1498212,497
1498213,497
1498262,1342
1498263,1342
1498265,1342
1500534,1507
1501213,537
1501239,356
1501249,356
1501499,1273
1501500,1273
1501692,537
1502092,147
1502093,147
1503079,324
1506191,1266
1506247,667
1506384,587
1506396,247
1506408,247
1507285,328
1507310,328
1507312,328
1507313,328
1507315,328
1507316,328
1507326,328
1507327,328
1507349,328
1507364,328
1507376,328
1507420,1500
1509490,1266
1509682,1360
1509853,537
1510165,537
1510412,206
1510617,537
1510918,497
1510931,497
1510944,497
1510974,497
1510975,497
1511114,497
1511116,497
1511117,497
1511118,497
1511122,497
1511136,497
1511137,497
1511139,497
1511560,401
1511821,496
1511826,496
1511848,496
1511854,496
1511857,496
1511859,496
1512076,324
1512077,324
1512078,324
1512079,324
1512090,324
1512276,194
1512320,1153
1512321,1153
1512322,1153
1512353,537
1512354,537
1512523,401
1512527,401
1513012,324
1514984,324
1515111,482
1515132,537
1515133,537
1515155,537
1515157,537
1515172,1342
1515350,507
1515351,507
1515442,1360
1516438,507
1516439,507
1517502,1507
1517821,497
1519201,335
1519203,335
1519205,335
1519548,537
1519551,537
1519758,247
1519805,247
1519806,247
1519807,247
1519808,247
1519809,247
1520307,1507
1520308,1507
1520309,1507
1520355,1507
1520523,1342
1520612,667
1520613,667
1520614,667
1520616,667
1520617,667
1520619,667
1520953,497
1520954,497
1520960,497
1520962,497
1520963,497
1520992,292
1521014,537
1521016,537
1521017,537
1521166,497
1521397,206
1522316,450
1522970,537
1522971,537
1522972,537
1522973,537
1523388,1542
1523441,1541
1523460,1541
1523467,1541
1523468,1541
1523499,1541
1523506,1541
1523510,1541
1523541,1541
1523557,1541
1523558,1541
1524127,921
1524532,1342
1525361,324
1525569,667
1526024,1127
1526037,595
1526038,595
1526039,595
1526040,595
1526043,595
1526044,595
1526046,595
1526048,595
1526054,595
1526057,595
1526059,595
1526062,595
1526063,595
1526064,595
1526065,595
1526066,595
1526128,595
1526130,595
1526131,595
1526132,595
1526133,595
1526138,595
1526139,595
1526141,595
1526142,595
1526143,595
1526144,595
1526145,595
1526146,595
1526147,595
1526148,595
1526294,497
1526295,497
1526296,497
1526325,1541
1526326,1541
1526331,1541
1526709,507
1526710,507
1526712,507
1526713,507
1526843,274
1526844,274
1526845,274
1526846,274
1526900,223
1527008,194
1527009,194
1527299,455
1527945,537
1527946,537
1528087,1127
1528090,1127
1528094,1127
1528099,1127
1528100,1127
1528106,1127
1528108,1127
1528109,1127
1528110,1127
1528111,1127
1528112,1127
1528113,1127
1528114,1127
1528115,1127
1528116,1127
1528117,1127
1528118,1127
1528119,1127
1528120,1127
1528121,1127
1528122,1127
1528123,1127
1528160,1127
1528179,1127
1528197,292
1528263,537
1529016,497
1529030,497
1529080,482
1529081,482
1529446,1127
1529622,537
1529623,537
1529625,537
1529960,324
1529963,324
1529964,324
1529969,324
1530078,1542
1530079,1542
1530081,1542
1530082,1542
1530083,1542
1530084,1542
1530085,1542
1530086,1542
1530087,1542
1530088,1542
1530220,437
1530326,1507
1530539,247
1530769,1541
1530778,1541
1530779,1541
1530780,1541
1530781,1541
1530782,1541
1531123,1558
1531124,1558
1531125,1558
1531126,1558
1531182,247
1531183,247
1531184,247
1531185,247
1533922,584
1534567,324
1534581,324
1534582,324
1534583,324
1534584,324
1534585,324
1534586,324
1534587,324
1534588,324
1534589,324
1534590,324
1534591,324
1534592,324
1534593,324
1534594,324
1534595,324
1534666,324
1534667,324
1534685,1541
1534748,1542
1534749,1542
1534750,1542
1534752,1542
1534753,1542
1534828,224
1534967,1127
1534968,1127
1534969,1127
1534970,1127
1535135,482
1535136,482
1535162,1541
1535168,1541
1535170,1541
1535175,1541
1535183,1541
1535194,1541
1535195,1541
1535198,1541
1535559,497
1536022,1541
1536069,537
1536071,537
1536072,537
1536281,324
1536284,324
1536292,324
1536296,324
1536411,1411
1536610,1541
1536617,1541
1536622,1541
1536624,1541
1536625,1541
1536626,1541
1536629,1541
1538619,537
1538734,537
1538954,1541
1538955,1541
1538956,1541
1538960,1541
1538961,1541
1538968,1558
1538969,1558
1538970,1558
1539237,1127
1539750,266
1539778,324
1539798,537
1541332,401
1541396,1541
1541399,1541
1541498,328
1541531,328
1542453,247
1542456,247
1542482,1541
1542483,1541
1542484,1541
1542486,1541
1542549,595
1542551,595
1542557,595
1542559,595
1542572,595
1542580,595
1542581,595
1542584,588
1542637,667
1542830,401
1543140,1541
1543141,1541
1543187,1541
1543195,1541
1543218,1541
1543224,1541
1543226,1541
1543228,1541
1543230,1541
1543232,1541
1543233,1541
1543234,1541
1543236,1541
1543238,1541
1543240,1541
1543527,1507
1543658,437
1543664,437
1543669,437
1543687,437
1543690,437
1543696,437
1543697,437
1543698,437
1543714,1342
1543721,206
1543739,206
1543740,206
1543794,206
1543798,206
1544499,537
1544668,537
1544769,642
1550522,1541
1550539,1541
1550553,1541
1550556,1541
1550559,1541
1550562,1541
1550583,1541
1550584,1541
1550586,1541
1550588,1541
1550594,1541
1550595,1541
1550596,1541
1550597,1541
1550708,1552
1550741,667
1551096,247
1551097,247
1551098,247
1551099,247
1551112,482
1551144,921
1551303,247
1551306,247
1551308,247
1551310,247
1551313,247
1551317,247
1551318,247
1551319,247
1551453,594
1551873,1541
1551874,1541
1551945,401
1551946,401
1552259,247
1552496,247
1553253,266
1553256,266
1553258,266
1553327,497
1553417,1542
1553647,247
1554042,145
1554145,1127
1554530,1543
1554570,584
1554604,497
1554700,1153
1554701,1153
1554702,1153
1554703,1153
1554748,1153
1554749,1153
1554820,356
1555114,603
1555260,147
1555261,147
1555485,247
1555486,247
1555607,328
1555612,1411
1555620,537
1555622,537
1555658,537
1555660,537
1555731,1500
1555848,1542
1555849,1542
1555850,1542
1555851,1542
1556600,154
1556601,154
1556970,537
1556971,537
1556973,537
1556982,537
1557285,247
1557432,335
1557433,335
1557545,1516
1557546,1516
1557548,1516
1557550,1516
1557702,603
1558644,1360
1558651,1541
1558813,247
1558814,247
1558815,247
1558816,247
1558885,1541
1558888,1541
1559031,537
1559154,223
1559417,224
1559723,537
1572910,328
1572942,482
1573174,437
1573185,437
1573199,437
1573200,437
1573211,437
1573214,437
1573226,437
1573227,437
1573236,437
1573237,437
1573238,437
1573343,537
1573411,324
1573412,324
1573413,324
1573430,324
1573431,324
1573432,324
1573434,324
1573435,324
1573436,324
1573437,324
1573438,324
1573441,324
1573442,324
1573445,324
1573446,324
1573447,324
1573448,324
1573449,324
1573450,324
1573451,324
1573490,584
1573508,537
1573640,328
1574031,1516
1574183,247
1574262,921
1574264,921
1574494,537
1574495,537
1574496,537
1574497,537
1574498,537
1574499,537
1574500,537
1574501,537
1574506,537
1574507,537
1574508,537
1574509,537
1574510,537
1574511,537
1574727,1127
1577286,247
1577287,247
1577288,247
1577289,247
1577290,247
1577291,247
1577292,247
1577689,1342
1577690,1342
1577691,1342
1577694,1342
1577695,1342
1577699,292
1577750,537
1577752,223
1577761,537
1578147,328
1578155,584
1578242,584
1578437,1541
1578758,1580
1578786,1580
1578925,642
1578926,642
1578928,642
1578971,537
1578975,537
1579699,537
1579727,1516
1579921,1541
1579922,1541
1579926,1541
1579930,1541
1579931,1541
1579932,1541
1579934,1541
1579936,1541
1579938,1541
1579939,1541
1579940,1541
1579942,1541
1580024,247
1580299,1542
1580300,1542
1580302,1542
1580303,1542
1580304,1542
1580306,1542
1580308,1542
1580312,1542
1580315,1542
1580827,584
1580866,1581
1580867,1581
1580868,1581
1580871,1581
1580872,1581
1580873,1581
1580874,1581
1580875,1581
1580877,1581
1580878,1581
1580879,1581
1580880,1581
1580881,1581
1580882,1581
1580883,1581
1580884,1581
1580957,247
1581426,1582
1581442,1543
1581475,1543
1581481,1543
1581750,537
1581760,1581
1581761,1581
1581921,537
1581953,1552
1581954,1552
1582159,401
1582351,1541
1582352,1541
1582357,1541
1582360,1541
1582364,537
1582461,1342
1582463,1342
1582464,1342
1582465,1342
1582468,1342
1582469,1342
1582471,1342
1582472,1342
1582473,1342
1582474,1342
1582475,1342
1582478,1342
1582480,1342
1582482,1342
1582867,247
1582868,247
1582870,247
1582871,247
1582873,247
1582875,247
1582987,537
1582988,537
1583064,1542
1583065,1542
1583083,537
1583600,442
1583707,497
1583708,497
1583755,247
1583756,247
1583847,190
1583926,921
1584007,537
1584102,324
1584103,324
1584181,328
1584246,292
1584371,537
1584515,603
1584590,1580
1584597,1580
1584603,1580
1584669,328
1584685,595
1584825,247
1584827,247
1584831,247
1584832,247
1584833,247
1584834,247
1584835,247
1584836,247
1584837,247
1584943,190
1585189,266
1585190,266
1585468,224
1585473,224
1585481,224
1585496,224
1585578,401
1585584,1516
1585586,1516
1585602,324
1585787,1342
1585788,1342
1585789,1342
1585790,1342
1586014,266
1586033,1617
1586062,497
1591484,537
1591485,537
1591523,667
1591552,328
1591618,442
1591849,247
1591850,247
1591851,247
1592025,247
1592027,247
1594321,584
1594325,584
1594328,537
1594332,584
1594334,537
1594425,497
1594431,497
1594453,247
1594454,247
1594455,247
1594456,247
1594457,247
1594458,247
1594459,247
1594460,247
1594461,247
1594462,247
1594463,247
1594644,247
1594649,247
1594681,1507
1594829,497
1595003,537
1595004,537
1595007,537
1595009,537
1595011,537
1595012,537
1595025,1516
1595049,587
1595111,482
1595151,584
1595152,584
1595153,584
1595154,584
1595325,223
1595352,292
1595411,497
1595412,497
1595414,145
1595526,537
1595528,537
1595529,537
1595530,537
1595531,537
1595532,537
1595534,537
1595535,537
1595536,537
1595537,537
1595538,537
1595539,537
1595542,537
1595545,537
1595662,324
1595663,324
1595664,324
1595665,324
1595666,324
1595667,324
1595668,324
1595669,324
1595670,324
1595671,324
1595672,324
1595673,324
1595674,324
1595675,324
1595676,324
1595677,324
1595678,324
1595679,324
1595680,324
1595681,324
1595682,324
1595683,324
1595684,324
1595685,324
1595686,324
1595687,324
1595688,324
1595689,324
1595690,324
1595691,324
1595692,324
1595693,324
1595694,324
1595695,324
1595696,324
1595697,324
1595698,324
1595699,324
1595700,324
1595701,324
1595702,324
1595703,324
1595704,324
1595705,324
1595706,324
1595707,324
1595708,324
1595709,324
1595710,324
1595711,324
1595712,324
1595713,324
1595714,324
1595715,324
1595759,224
1595819,401
1595827,324
1595831,324
1595832,324
1595833,324
1595834,324
1595835,324
1595836,324
1595837,324
1595838,324
1595841,324
1595842,324
1595843,324
1595844,324
1595845,324
1595846,324
1595847,324
1595848,324
1595849,324
1595850,324
1595851,324
1595852,324
1595853,324
1595854,324
1595865,324
1595869,324
1595870,324
1595871,324
1595872,324
1595873,324
1595874,324
1595875,324
1595876,324
1595877,324
1595878,324
1595879,324
1595880,324
1595881,324
1595882,324
1595897,324
1595898,324
1595899,324
1595900,324
1595901,324
1595902,324
1595903,324
1596063,190
1596089,507
1596168,1536
1596217,356
1596218,1542
1596219,1542
1596220,356
1596406,247
1596634,247
1596635,247
1596636,247
1596637,247
1598984,1542
1598985,1542
1598986,1542
1598987,1542
1598988,1542
1598989,1542
1598990,1542
1598991,1542
1598992,1542
1599059,247
1601814,247
1601816,247
1602283,1342
1602284,1342
1602285,1342
1602286,1342
1602371,292
1602393,1516
1602398,1516
1602399,1516
1602484,537
1602993,1558
1602994,1558
1603038,328
1603081,482
1603082,482
1603086,482
1603116,921
1603256,356
1603340,324
1603341,324
1603342,324
1603343,324
1603344,324
1603345,324
1603346,324
1603349,324
1603350,324
1603351,324
1603605,1507
1603610,1507
1603626,537
1603628,537
1603629,537
1603826,1516
1603877,537
1604350,537
1604489,1516
1604490,1516
1604897,584
1604905,584
1604907,584
1604908,584
1604911,584
1604916,584
1604919,1580
1604940,537
1605005,537
1605008,537
1605200,356
1605202,356
1605423,496
1605461,1411
1605462,1411
1605463,1411
1605464,1411
1605675,1476
1605676,1476
1605677,1476
1605777,584
1606112,147
1606113,147
1606347,247
1606429,1542
1606430,1542
1606431,1542
1606432,1542
1606433,1542
1606434,1542
1606435,1542
1606682,1541
1606892,190
1607067,190
1607239,1541
1607240,1541
1607241,1541
1607451,324
1607452,324
1607454,324
1607455,324
1607456,324
1607457,324
1607458,324
1607459,324
1607460,324
1607461,324
1607462,324
1607463,324
1607464,324
1607465,324
1607466,324
1607467,324
1607468,324
1607469,324
1607470,324
1607471,324
1607472,324
1607473,324
1607474,324
1607475,324
1607476,324
1607477,324
1607478,324
1607483,324
1607484,324
1607485,324
1607486,324
1607487,324
1607488,324
1607489,324
1607490,324
1607491,324
1607492,324
1607493,324
1607714,1543
1607716,1543
1607721,1542
1608150,537
1608152,537
1608257,1590
1608258,1590
1608259,1590
1608260,1590
1608261,1590
1608262,1590
1608263,1590
1608264,1590
1608265,1590
1608280,1590
1608281,1590
1608282,1590
1608283,1590
1608284,1590
1608285,1590
1608286,1590
1608288,1590
1608289,1590
1608291,1590
1608292,1590
1608293,1590
1608294,1590
1608295,1590
1608296,1590
1608297,1590
1608298,1590
1608299,1590
1608300,1590
1608301,1590
1608302,1590
1608303,1590
1608304,1590
1608306,1590
1608307,1590
1608308,1590
1608311,1590
1608312,1590
1608313,1590
1608314,1590
1608316,1590
1608317,1590
1608318,1590
1608319,1590
1608320,1590
1608321,1590
1608322,1590
1608323,1590
1608324,1590
1608328,292
1608329,292
1608331,292
1608335,292
1608377,537
1608378,537
1608472,537
1608473,1590
1608474,1590
1608475,1590
1608476,1590
1608477,1590
1608478,1590
1608479,1590
1608480,1590
1608481,1590
1608482,1590
1608483,1590
1608485,1590
1608486,1590
1608487,1590
1608488,1590
1608489,1590
1608490,1590
1608492,1590
1608493,1590
1608494,1590
1608495,1590
1608496,1590
1608497,1590
1608498,1590
1608499,1590
1608500,1590
1608501,1590
1608502,1590
1608503,1590
1608504,1590
1608505,1590
1608506,1590
1608508,1590
1608509,1590
1608510,1590
1608511,1590
1608512,1590
1608513,1590
1608514,1590
1608515,1590
1608517,1590
1608518,1590
1608519,1590
1608623,270
1608774,247
1608868,537
1608869,537
1608870,537
1608871,537
1608872,537
1608873,537
1608874,537
1608875,537
1608876,537
1608877,537
1608878,537
1608879,537
1608980,247
1608982,247
1608983,247
1608984,247
1608985,247
1608986,247
1608987,247
1608989,247
1608990,247
1608992,247
1609005,247
1609006,247
1609008,247
1609009,247
1609010,247
1609011,247
1609012,247
1609114,1507
1609154,1516
1609155,1516
1609165,584
1609251,356
1609252,356
1609253,356
1609449,247
1609450,247
1609451,247
1609452,247
1609453,247
1609454,247
1609455,247
1609456,247
1609457,247
1609458,247
1609465,1516
1609466,1516
1609469,1516
1609523,1542
1609534,1542
1609535,1542
1609536,1542
1609537,1542
1609541,1542
1609542,1542
1609584,247
1609640,247
1609641,247
1609642,247
1609643,247
1609645,247
1609768,247
1609769,247
1609770,247
1609771,247
1609772,247
1609793,1507
1609930,1516
1609932,1516
1609933,1516
1610027,537
1610028,537
1610083,1507
1610086,1507
1610357,247
1610496,1541
1610497,1541
1610498,1541
1610499,1541
1610502,1541
1610503,1541
1610509,1541
1610510,1541
1610511,1541
1610513,1541
1610516,1541
1610518,1541
1610519,1541
1610520,1541
1610521,1541
1610759,1342
1610760,1342
1610761,1342
1610762,1342
1610763,1342
1610918,1342
1610919,1342
1610920,1342
1610921,1342
1610922,1342
1610924,1342
1610926,1342
1610927,1342
1610932,1342
1610933,1342
1610934,1342
1610941,247
1610942,247
1610943,247
1610944,247
1610992,247
1611495,247
1611499,247
1611500,247
1611502,247
1611506,247
1611507,247
1611624,247
1611626,247
1611628,247
1611629,247
1611630,247
1611631,247
1611633,247
1611634,247
1611635,247
1611636,247
1611637,247
1611639,247
1611641,247
1611642,247
1611644,247
1611645,247
1611646,247
1611647,247
1611648,247
1611652,247
1611653,247
1611654,247
1611655,247
1611656,247
1611657,247
1611658,247
1611672,1516
1611674,1516
1611676,1516
1611677,1516
1611678,1516
1612019,1516
1612024,537
1612025,537
1612028,537
1612272,332
1612439,332
1612441,332
1612442,332
1612444,332
1612446,332
1612485,332
1612486,332
1612513,332
1612514,332
1612515,332
1612516,332
1612517,332
1612518,332
1612519,332
1612520,332
1612521,332
1612522,332
1612526,332
1612527,332
1612528,332
1612529,332
1612530,332
1612531,332
1612532,332
1612533,332
1612534,332
1612535,332
1612536,332
1612537,332
1612538,332
1612544,332
1612545,332
1612577,247
1612581,1590
1612590,292
1612663,537
1612666,537
1612669,537
1612670,537
1612671,537
1612673,537
1612674,537
1612675,537
1612677,537
1612678,537
1612679,537
1612680,537
1612681,537
1612682,537
1612731,332
1612732,332
1612734,332
1612735,332
1612736,332
1612737,332
1612738,332
1612839,537
1613205,1580
1613209,1580
1613210,1580
1613293,1590
1613305,456
1613306,456
1613307,456
1613308,456
1613309,456
1613310,456
1613311,456
1613312,456
1613313,456
1613314,456
1613315,456
1613316,456
1613339,537
1613340,537
1613341,537
1613373,667
1613527,537
1613533,537
1613535,537
1613599,324
1613600,324
1613601,324
1613602,324
1613603,324
1613604,324
1613605,324
1613606,324
1613607,324
1613608,324
1613609,324
1613610,324
1613611,324
1613612,324
1613613,324
1613614,324
1613615,324
1613616,324
1613617,324
1613618,324
1613619,324
1613620,324
1613621,324
1613622,324
1613623,324
1613624,324
1613625,324
1613626,324
1613627,324
1613628,324
1613629,324
1613630,324
1613631,324
1613632,324
1613633,324
1613654,324
1613655,324
1613656,324
1613664,324
1613665,324
1613666,324
1613667,324
1613672,324
1613673,324
1613674,324
1613675,324
1613680,324
1613681,324
1613682,324
1613683,324
1613953,537
1613954,537
1613955,537
1613956,537
1613957,537
1613958,537
1613959,537
1613962,537
1613964,537
1613965,537
1613966,537
1613967,537
1613968,537
1613969,537
1613970,537
1613972,537
1614276,224
1614277,224
1614278,224
1614279,224
1614417,1590
1614418,1590
1614419,1590
1614420,1590
1614421,1590
1614422,1590
1614423,1590
1614424,1590
1614425,1590
1614428,1590
1614432,1590
1614437,1590
1614438,1590
1614439,1590
1614440,1590
1614441,1590
1614442,1590
1614443,1590
1614444,1590
1614445,1590
1614446,1590
1614447,1590
1614448,1590
1614449,1590
1614450,1590
1614451,1590
1614452,1590
1614453,1590
1614454,1590
1614455,1590
1614456,1590
1614457,1590
1614458,1590
1614459,1590
1614460,1590
1614461,1590
1614462,1590
1614463,1590
1614464,1590
1614465,1590
1614466,1590
1614467,1590
1614468,1590
1614469,1590
1614471,1590
1614472,1590
1614473,1590
1614474,1590
1614476,1590
1614477,1590
1614478,1590
1614479,1590
1614481,1590
1614483,1590
1614484,1590
1614485,1590
1614486,1590
1614487,1590
1614488,1590
1614489,1590
1614490,1590
1614491,1590
1614492,1590
1614493,1590
1614494,1590
1614495,1590
1614496,1590
1614509,577
1614547,1590
1614565,1516
1614566,1516
1614575,1590
1614576,1590
1614577,1590
1614578,1590
1614579,1590
1614580,1590
1614581,1411
1614582,1411
1614585,1411
1614586,1411
1614590,1411
1614591,1411
1614592,1411
1614600,168
1614612,332
1614782,1590
1614785,1590
1614795,147
1614806,162
1614918,1590
1614919,1590
1614920,1590
1614921,537
1614922,537
1614923,537
1614924,537
1614925,537
1614926,537
1614933,1592
1614934,1592
1614935,1592
1614936,1592
1614937,1592
1614938,1592
1614939,1592
1614940,1592
1614941,1592
1614942,1592
1615021,537
1615023,537
1615024,537
1615025,537
1615026,537
1615027,537
1615074,437
1615183,145
1615187,1411
1615191,1411
1615193,1411
1615194,1411
1615195,1411
1615273,1541
1615275,1541
1615276,1541
1615277,1541
1615278,1541
1615279,1541
1615280,1541
1615281,1541
1615282,1541
1615283,1541
1615286,1541
1615287,1541
1615292,1541
1615293,1541
1615294,1541
1615425,292
1615533,1541
1615534,1541
1615567,247
1615568,247
1615569,247
1615570,247
1615571,247
1615572,247
1615573,247
1615574,247
1615575,247
1615576,247
1615577,247
1615578,247
1615579,247
1615580,247
1615581,247
1615582,247
1615583,247
1615584,247
1615585,247
1615586,247
1615587,247
1615588,247
1615589,247
1615590,247
1615591,247
1615592,247
1615593,247
1615594,247
1615595,247
1615596,247
1615597,247
1615598,247
1615599,247
1615600,247
1615601,247
1615602,247
1615603,247
1615604,247
1615605,247
1615606,247
1615607,247
1615608,247
1615609,247
1615610,247
1615611,247
1615612,247
1615613,247
1615614,247
1615615,247
1615616,247
1615617,247
1615618,247
1615619,247
1615620,247
1615621,247
1615622,247
1615623,247
1615624,247
1615625,247
1615626,247
1615627,247
1615628,247
1615629,247
1615630,247
1615631,247
1615632,247
1615633,247
1615634,247
1615635,247
1615636,247
1615637,247
1615638,247
1616100,1342
1616102,1342
1616104,1342
1616105,1342
1616442,1516
1616586,537
1616588,537
1616637,247
1616638,247
1616728,537
1616729,537
1616794,537
1617291,1342
1617295,1342
1617297,1342
1617298,1342
1617319,537
1617320,537
1617321,537
1617353,1590
1617354,1590
1617355,1590
1617356,1590
1617357,1590
1617358,1590
1617359,1590
1617360,1590
1617361,1590
1617783,247
1617784,247
1617785,247
1617787,247
1617788,247
1617852,537
1617853,537
1617854,537
1617855,537
1617875,455
1617917,455
1617940,921
1617957,247
1617958,247
1617959,247
1617960,162
1617961,247
1617962,247
1617963,247
1617964,247
1617965,247
1617966,247
1617967,247
1617968,247
1617969,247
1617970,247
1617971,247
1617972,247
1617973,247
1617974,247
1617976,247
1617978,247
1617979,247
1617980,247
1617981,247
1617982,247
1617983,247
1617984,247
1617985,247
1618777,1580
1618794,537
1618796,537
1618801,223
1618883,537
1619083,147
1619084,147
1619085,147
1619110,921
1619347,1590
1619372,1590
1619373,1590
1619374,1590
1619619,328
1619720,1590
1619744,1500
1619877,1590
1619947,537
1619969,1590
1619970,1590
1619971,1590
1620079,1590
1620080,1590
1620082,1590
1620234,247
1620240,247
1620241,247
1620265,497
1620268,497
1620421,497
1620422,497
1620423,497
1620424,497
1620523,1476
1620761,247
1620832,537
1620834,537
1620836,537
1620856,584
1620857,584
1621047,537
1621059,405
1621060,405
1621061,405
1621062,405
1621063,405
1621064,405
1621065,405
1621066,405
1621067,405
1621251,1592
1621254,1592
1621282,1590
1621285,1590
1621289,1590
1621309,324
1621310,324
1621311,324
1621312,324
1621313,324
1621327,370
1621328,370
1621370,482
1621371,482
1621372,482
1621535,292
1621610,1543
1621630,247
1622749,356
1622760,356
1622957,335
1623099,507
1623100,507
1623101,507
1623102,507
1623103,507
1624367,1507
1624368,1507
1624369,1507
1624370,1507
1624371,1507
1624372,1507
1624373,1507
1624374,1507
1624375,1507
1624376,1507
1624377,1507
1624378,1507
1624379,1507
1624380,1507
1624381,1507
1624382,1507
1624383,1507
1624384,1507
1624385,1507
1624386,1507
1624387,1507
1624388,1507
1624389,1507
1624390,1507
1624391,1507
1624392,1507
1624393,1507
1624394,1507
1624495,1500
1624504,537
1624505,537
1624512,537
1624513,537
1624514,537
1624520,537
1624533,537
1624589,247
1624650,1476
1624651,1476
1624654,1590
1624657,1590
1624658,1590
1624677,328
1624735,584
1624740,1580
1624894,1580
1624993,537
1625043,1604
1625044,1604
1625045,1604
1625046,1604
1625047,1604
1625048,1604
1625049,1604
1625050,1604
1625087,292
1625088,292
1625089,292
1625201,537
1625202,537
1625203,537
1625205,537
1625206,537
1625207,537
1625317,455
1625594,224
1625757,537
1625759,537
1625992,1507
1626000,266
1626001,266
1626002,266
1626047,1507
1626053,1507
1626054,1507
1626069,1507
1626070,1507
1626072,1507
1626073,1507
1626075,1507
1626076,1507
1626079,1507
1626081,1507
1626083,1507
1626085,1507
1626086,1507
1626114,537
1626116,537
1626117,537
1626118,537
1626124,1542
1626260,1507
1626261,1507
1626262,1507
1626264,1507
1626458,162
1626522,292
1626631,603
1626794,667
1626796,667
1626797,667
1626808,328
1626812,292
1626848,1507
1626852,667
1626854,667
1626855,667
1626903,1342
1626904,1342
1626905,1342
1626906,1342
1626907,1342
1626908,1342
1626909,1342
1626910,1342
1626911,1342
1626912,1342
1626913,1342
1626914,1342
1626915,1342
1626916,1342
1626917,1342
1626918,1342
1626919,1342
1626920,1342
1626921,1342
1626922,1342
1626923,1342
1626924,1342
1626925,1342
1626926,1342
1626927,1342
1626928,1342
1626929,1342
1626930,1342
1626931,1342
1626932,1342
1626933,1342
1626934,1342
1626935,1342
1626936,1342
1626937,1342
1626938,1342
1626939,1342
1626940,1342
1626941,1342
1626942,1342
1626943,1342
1626944,1342
1626945,1342
1626946,1342
1626947,1342
1626948,1342
1626951,1541
1626952,1541
1626954,1541
1626955,1541
1626957,1541
1626958,1541
1626959,1541
1626960,1541
1626961,1541
1626962,1541
1627111,667
1627326,247
1627465,247
1627466,247
1627467,247
1627469,247
1627470,247
1627471,247
1627473,247
1627474,247
1627518,482
1627521,190
1630566,247
1630785,667
1630786,667
1630793,667
1630796,482
1630994,1590
1630998,1590
1631119,1590
1631195,1507
1631196,1507
1631248,190
1631254,190
1631458,292
1631462,292
1631464,1542
1631465,1542
1631466,1542
1631467,1542
1632705,244
1632722,1590
1636557,401
1636595,537
1636596,537
1636598,537
1636616,247
1636646,266
1636732,1590
1636733,1590
1636735,1590
1636737,1590
1636738,1590
1636739,1590
1636771,244
1636773,244
1636800,223
1636801,223
1636802,332
1636803,332
1636804,332
1636805,332
1636806,332
1636807,332
1636808,332
1636815,437
1636876,324
1636877,324
1636878,324
1636879,324
1636880,324
1636881,324
1636882,324
1636883,324
1636884,324
1636885,324
1636886,324
1636887,324
1636888,324
1636889,324
1636890,324
1636891,324
1636892,324
1636893,324
1636894,324
1636895,324
1636896,324
1636897,324
1636898,324
1636899,324
1636900,324
1636901,324
1636902,324
1636903,324
1636904,324
1636905,324
1636906,324
1636907,324
1636908,324
1636909,324
1636910,324
1636911,324
1636912,324
1636913,324
1636914,324
1636915,324
1636916,324
1636917,324
1636918,324
1636919,324
1636920,324
1636921,324
1636922,324
1636923,324
1636924,324
1636925,324
1636926,324
1636927,324
1636928,324
1636929,324
1636930,324
1636931,324
1636932,324
1636933,324
1636934,324
1636935,324
1636936,324
1636937,324
1636938,324
1636939,324
1636940,324
1636941,324
1636942,324
1636943,324
1636944,324
1636945,324
1636946,324
1636947,324
1636948,324
1636949,324
1636950,324
1636951,324
1636952,324
1636953,324
1636954,324
1636955,324
1636956,324
1636957,324
1636958,324
1636959,324
1636960,324
1636961,324
1636962,324
1636963,324
1636964,324
1636965,324
1636966,324
1636967,324
1636968,324
1636969,324
1636970,324
1636971,324
1636972,324
1636973,324
1636974,324
1636975,324
1636976,324
1636977,324
1636978,324
1636979,324
1636980,324
1636981,324
1636982,324
1636983,324
1636984,324
1636985,324
1636986,324
1636987,324
1636988,324
1636989,324
1636990,324
1636991,324
1636992,324
1636993,324
1636994,324
1636995,324
1636996,324
1636997,324
1637007,1127
1637008,1127
1637011,1127
1637012,1127
1637013,363
1637016,1127
1637017,1127
1637018,1127
1637021,1127
1637024,1127
1637027,1127
1637028,1127
1637030,1127
1637031,1127
1637032,1127
1637035,1127
1637039,1127
1637040,1127
1637041,1127
1637042,1127
1637044,1127
1637047,1127
1637048,1127
1637050,1127
1637051,1127
1637057,1127
1637058,1127
1637059,1127
1637161,247
1637162,247
1637163,247
1637164,247
1637214,162
1637223,247
1637224,247
1637225,247
1637226,247
1637227,247
1637228,247
1637230,247
1637231,247
1637232,247
1637233,247
1637234,247
1637235,247
1637254,206
1637333,145
1637353,1342
1637354,1342
1637455,292
1637582,1610
1637583,1610
1637584,1610
1637585,1610
1637586,1610
1637587,1610
1637588,1610
1637597,1610
1637619,1507
1637620,1507
1637621,1507
1637622,1507
1637623,1507
1637624,1507
1637625,1507
1637626,1507
1637627,1507
1637628,1507
1637629,1507
1637630,1507
1637631,1507
1637632,1507
1637633,1507
1637634,1507
1637635,1507
1637636,1507
1637637,1507
1637638,1507
1637639,1507
1637640,1507
1637641,1507
1637642,1507
1637643,1507
1637644,1507
1637645,1507
1637646,1507
1637647,1507
1637648,1507
1637649,1507
1637650,1507
1637651,1507
1637652,1507
1637879,1592
1638130,292
1638253,1500
1638455,1541
1638456,1541
1638457,1541
1638458,1541
1638459,1541
1638460,1541
1638461,1541
1638462,1541
1638463,1541
1638464,1541
1638465,1541
1638466,1541
1638467,1541
1638470,1541
1638473,1541
1638719,332
1638722,332
1638943,1541
1639065,921
1639514,1507
1639515,1507
1639619,1610
1639620,1610
1639684,292
1639685,292
1639807,1590
1639955,1127
1640069,1507
1640088,1507
1640370,1590
1640762,224
1640763,224
1640764,224
1640765,224
1640766,224
1640767,224
1640768,224
1640769,224
1640770,224
1640771,224
1640772,224
1640773,224
1640807,1507
1641089,1507
1641129,1590
1641134,1590
1641139,1541
1641230,1507
1641236,1507
1641237,1507
1641238,1507
1641277,324
1641278,324
1641279,324
1641280,324
1641281,324
1641282,324
1641283,324
1641284,324
1641285,324
1641286,324
1641287,324
1641288,324
1641289,324
1641290,324
1641291,324
1641292,324
1641293,324
1641294,324
1641295,324
1641296,324
1641297,324
1641298,324
1641299,324
1641300,324
1641301,324
1641302,324
1641303,324
1641304,324
1641305,324
1641306,324
1641307,324
1641308,324
1641309,324
1641310,324
1641311,324
1641312,324
1641313,324
1641314,324
1641315,324
1641316,324
1641317,324
1641318,324
1641319,324
1641320,324
1641321,324
1641322,324
1641323,324
1641324,324
1641325,324
1641326,324
1641327,324
1641328,324
1641329,324
1641330,324
1641331,324
1641332,324
1641338,324
1641339,324
1641340,324
1641341,324
1641342,324
1641343,324
1641344,324
1641345,324
1641346,324
1641347,324
1641348,324
1641349,324
1641350,324
1641351,324
1641352,324
1641353,324
1641354,324
1641355,324
1641356,324
1641357,324
1641358,324
1641359,324
1641360,324
1641361,324
1641362,324
1641363,324
1641364,324
1641365,324
1641366,324
1641586,1266
1641671,1541
1641672,1541
1641673,1541
1641674,1541
1641675,1541
1641676,1541
1641677,1541
1641678,1541
1641679,1541
1641768,1541
1641770,1541
1642184,1541
1642185,1541
1642310,1507
1642335,247
1642562,1360
1642566,1360
1642568,1360
1642571,1360
1642573,1360
1642651,1507
1642858,1580
1643066,247
1643269,324
1643270,324
1643291,507
1643388,324
1643522,1127
1643691,1476
1643692,1476
1643693,1476
1643694,1476
1643817,247
1643818,247
1643819,247
1643820,247
1643821,247
1643822,247
1643824,247
1643825,247
1643826,247
1643848,324
1644393,452
1645398,507
1645533,1590
1645627,1542
1645875,1507
1645893,1604
1645896,1604
1645993,162
1645999,1543
1646000,584
1646003,324
1646005,324
1646007,324
1646011,324
1646014,584
1646015,324
1646016,324
1646017,324
1646018,324
1646019,324
1646020,324
1646021,324
1646254,1507
1646265,1507
1646266,1507
1646267,1507
1646268,1507
1646270,1507
1646271,1507
1646272,1507
1646372,497
1646378,1542
1646466,1590
1646467,1590
1646652,1590
1646653,1590
1646654,1590
1646655,1590
1646656,1590
1646657,1590
1646658,1590
1646659,1590
1646660,1590
1646662,1590
1646663,1590
1646664,1590
1646665,1590
1646667,1590
1646668,1590
1646669,1590
1647254,1541
1647270,1507
1647271,1507
1647324,247
1647325,247
1647326,247
1647327,247
1647432,1360
1647665,1552
1647751,1342
1647753,1342
1647889,1507
1647932,247
1647934,1542
1647935,1542
1647936,1542
1647937,1542
1647938,1542
1647939,1542
1647940,1542
1647941,1542
1647942,1542
1647943,1542
1647944,1542
1647958,1541
1647959,1541
1647960,1342
1647961,1342
1647962,1541
1647963,1541
1647964,1541
1647965,1541
1647966,1541
1647967,1541
1647968,1541
1647969,1541
1647970,1541
1647971,1541
1647972,1541
1647973,1541
1647974,1541
1647975,1541
1647976,1541
1647977,1541
1647978,1541
1647979,1541
1647980,1541
1647981,1541
1647982,1541
1647983,1541
1647986,1541
1647987,1541
1647988,1541
1647989,1541
1647990,1342
1647991,1342
1647992,1342
1647993,1342
1648039,247
1648135,247
1648332,1541
1648421,1507
1648513,1586
1648519,1507
1648618,247
1648625,223
